{
  "fill" : {
    "automatic-gradient" : "display-p3:0.96918,1.00000,0.99582,1.00000"
  },
  "groups" : [
    {
      "layers" : [
        {
          "image-name" : "icon 2.png",
          "name" : "icon 2",
          "position" : {
            "scale" : 1,
            "translation-in-points" : [
              0,
              0
            ]
          }
        }
      ],
      "shadow" : {
        "kind" : "neutral",
        "opacity" : 0.5
      },
      "translucency" : {
        "enabled" : true,
        "value" : 0.5
      }
    }
  ],
  "supported-platforms" : {
    "circles" : [
      "watchOS"
    ],
    "squares" : "shared"
  }
}